com_27_01.png,com_27_02.png,com_27_03.png,com_27_04.png,com_27_05.png,com_27_06.png
com_32_01.png,com_32_02.png,com_32_03.png,com_32_04.png,com_32_05.png,com_32_06.png,com_32_07.png,com_32_08.png,com_32_09.png,com_32_10.png,com_32_11.png,com_32_12.png,com_32_13.png,com_32_14.png,com_32_15.png,com_32_16.png,com_32_17.png
com_35_01.png,com_35_03.png,com_35_04.png
com_42_01.png,com_42_02.png,com_42_03.png,com_42_04.png,com_42_05.png,com_42_06.png,com_42_07.png,com_42_08.png,com_42_09.png,com_42_10.png,com_42_11.png
com_43_01.png,com_43_02.png,com_43_03.png
com_52_01.png
com_55_01.png,com_55_02.png,com_55_03.png
com_56_01.png,com_56_02.png,com_56_03.png,com_56_04.png
com_79_01.png,com_79_02.png,com_79_03.png
com_83_01.png,com_83_02.png,com_83_03.png,com_83_04.png,com_83_05.png,com_83_06.png,com_83_07.png
con_05_01.png,con_05_02.png,con_05_03.png,con_05_04.png,con_05_05.png,con_05_06.png,con_05_07.png,con_05_08.png
con_42_01.png,con_42_02.png,con_42_03.png,con_42_04.png,con_42_05.png,con_42_06.png,con_42_07.png,con_42_08.png,con_42_09.png,con_42_10.png